catalog_type,solution_type,combo,total_attempts,total_appearances,failed_attempts,first_place_wins,wins_without_competition,win_rate,rank_1_count,rank_1_rate,rank_2_count,rank_2_rate,rank_3_count,rank_3_rate,rank_greater_than_3_count,rank_greater_than_3_rate,rank_4_count,rank_4_rate
mixed,explicit,mixed × explicit,104,80,24,57,31,0.5480769230769231,57,0.7125,19,0.2375,4.0,0.05,0,0.0,,
mixed,implicit,mixed × implicit,17,17,0,11,6,0.6470588235294118,11,0.6470588235294118,6,0.35294117647058826,,,0,0.0,,
mixed,mixed,mixed × mixed,128,97,31,65,37,0.5078125,65,0.6701030927835051,31,0.31958762886597936,1.0,0.010309278350515464,0,0.0,,
sindy,explicit,sindy × explicit,88,36,52,19,1,0.2159090909090909,19,0.5277777777777778,16,0.4444444444444444,1.0,0.027777777777777776,0,0.0,,
sindy,mixed,sindy × mixed,40,26,14,14,1,0.35,14,0.5384615384615384,10,0.38461538461538464,2.0,0.07692307692307693,0,0.0,,
xlsindy,explicit,xlsindy × explicit,72,28,44,5,0,0.06944444444444445,5,0.17857142857142858,6,0.21428571428571427,15.0,0.5357142857142857,2,0.07142857142857142,2.0,0.07142857142857142
xlsindy,mixed,xlsindy × mixed,55,15,40,1,0,0.01818181818181818,1,0.06666666666666667,2,0.13333333333333333,10.0,0.6666666666666666,2,0.13333333333333333,2.0,0.13333333333333333
